<?xml version="1.0"?>
<config xmlns:xsi="http://www.w3.org/2001/XMLSchema-instance" xsi:noNamespaceSchemaLocation="urn:magento:framework:ObjectManager/etc/config.xsd">
    <type name="Mastering\SampleModule\Model\Resolver\Items">
        <arguments>
            <argument name="resourceConnection" xsi:type="object">Magento\Framework\App\ResourceConnection</argument>
        </arguments>
    </type>
    <type name="Magento\Framework\Console\CommandList">
        <arguments>
           <argument name="commands" xsi:type="array">
                <item name="masteringAddItem" xsi:type="object">Mastering\SampleModule\Console\Command\AddItem</item>
            </argument>
        </arguments>
    </type>
    <type name="Magento\Framework\View\Element\UiComponent\DataProvider\CollectionFactory">
        <arguments>
            <argument name="collections" xsi:type="array">
                <item name="mastering_items_grid_data_source" xsi:type="string">Mastering\SampleModule\Model\ResourceModel\Item\Grid\Collection</item>
            </argument>
        </arguments>
    </type>
    <preference type="Mastering\SampleModule\Model\Item" for="Mastering\SampleModule\Api\Data\ItemInterface"/>
    <preference type="Mastering\SampleModule\Model\ItemRepository" for="Mastering\SampleModule\Api\ItemRepositoryInterface"/>
</config>